1054;"Mainstar"
1051;"Resstar"
1049;"Stargate"
1047;"Allystar"
1045;"Battlestate"
1044;"Battlestate2"
1042;"Special287"
1038;"SmallSpecial287"
1037;"Special286"
1033;"SmallSpecial286"
1032;"Special285"
1028;"SmallSpecial285"
1027;"Special284"
1023;"SmallSpecial284"
1022;"Special283"
1018;"SmallSpecial283"
1017;"Special282"
1013;"SmallSpecial282"
1012;"Special281"
1008;"SmallSpecial281"
1007;"Special280"
1003;"SmallSpecial280"
1002;"Special279"
998;"SmallSpecial279"
997;"Special278"
993;"SmallSpecial278"
992;"Special277"
988;"SmallSpecial277"
987;"Special276"
983;"SmallSpecial276"
982;"Special275"
978;"SmallSpecial275"
977;"Special274"
973;"SmallSpecial274"
972;"Special273"
968;"SmallSpecial273"
967;"Special272"
963;"SpecialIcon272"
962;"Special271"
958;"SpecialIcon271"
957;"Special270"
953;"SpecialIcon270"
952;"Special269"
948;"SpecialIcon269"
947;"Special268"
943;"SmallSpecial268"
942;"Special267"
938;"SmallSpecial267"
937;"Special266"
933;"SmallSpecial266"
932;"Special265"
925;"Special264"
918;"Special263"
911;"Special262"
907;"SmallSpecial262"
906;"Special261"
902;"SmallSpecial261"
901;"Special260"
897;"SmallSpecial260"
896;"Special259"
892;"SmallSpecial259"
891;"Special258"
887;"SmallSpecial258"
886;"Special257"
882;"SmallSpecial257"
881;"Special256"
877;"SmallSpecial256"
876;"Special255"
872;"SmallSpecial255"
871;"Special254"
867;"SmallSpecial254"
866;"Special253"
862;"SmallSpecial253"
861;"Special252"
857;"SmallSpecial252"
856;"Special251"
852;"SmallSpecial251"
851;"Special249"
847;"SmallSpecial249"
846;"Special250"
842;"SmallSpecial250"
841;"Special248"
837;"SmallSpecial248"
836;"Special247"
832;"SmallSpecial247"
831;"Special245"
827;"SmallSpecial245"
826;"Special246"
822;"SmallSpecial246"
821;"Special244"
817;"SmallSpecial244"
816;"Special243"
812;"SmallSpecial243"
811;"Special242"
807;"SmallSpecial242"
806;"Special241"
802;"SmallSpecial241"
801;"Special240"
797;"SmallSpecial240"
796;"Special239"
792;"SmallSpecial239"
791;"Special238"
787;"SmallSpecial238"
786;"Special237"
782;"SmallSpecial237"
781;"Special236"
777;"SmallSpecial236"
776;"Special235"
772;"SmallSpecial235"
771;"Special234"
767;"SmallSpecial234"
766;"Special233"
762;"SmallSpecial233"
761;"Special232"
757;"SmallSpecial232"
756;"Special231"
752;"SmallSpecial231"
751;"Special230"
747;"SmallSpecial230"
746;"Special229"
742;"SmallSpecial229"
741;"Special228"
737;"SmallSpecial228"
736;"Special227"
732;"SmallSpecial227"
731;"Special226"
727;"SmallSpecial226"
726;"Special225"
722;"SmallSpecial225"
721;"Special224"
717;"SmallSpecial224"
716;"Special223"
712;"SmallSpecial223"
711;"Special222"
707;"SmallSpecial222"
706;"Special221"
702;"SmallSpecial221"
701;"Special220"
697;"SmallSpecial220"
696;"Special219"
692;"SmallSpecial219"
691;"Special218"
687;"SmallSpecial218"
686;"Special217"
682;"SmallSpecial217"
681;"Special216"
677;"SmallSpecial216"
676;"Special215"
672;"SmallSpecial215"
671;"Special214"
667;"SmallSpecial214"
666;"Special213"
662;"SmallSpecial213"
661;"Special212"
657;"SmallSpecial212"
656;"Special211"
652;"SmallSpecial211"
651;"Special210"
647;"SmallSpecial210"
646;"Special209"
642;"SmallSpecial209"
641;"Special208"
637;"SmallSpecial208"
636;"Special207"
632;"SmallSpecial207"
631;"Special206"
627;"SmallSpecial206"
626;"Special205"
622;"SmallSpecial205"
621;"Special204"
617;"SmallSpecial204"
616;"Special203"
612;"SmallSpecial203"
611;"Special202"
607;"SmallSpecial202"
606;"Special201"
602;"SmallSpecial201"
601;"Special200"
597;"SmallSpecial200"
596;"Special199"
592;"SmallSpecial199"
591;"Special198"
587;"SmallSpecial198"
586;"Special197"
582;"SmallSpecial197"
581;"Special196"
577;"SmallSpecial196"
576;"Special195"
572;"SmallSpecial195"
571;"Special194"
567;"SmallSpecial194"
566;"Special193"
562;"SmallSpecial193"
561;"Special192"
557;"SmallSpecial192"
556;"Special191"
552;"SmallSpecial191"
551;"Special190"
547;"SmallSpecial190"
546;"Special189"
542;"SmallSpecial189"
541;"Special188"
537;"SmallSpecial188"
536;"Special187"
532;"SmallSpecial187"
531;"Special186"
527;"SmallSpecial186"
526;"Special185"
522;"SmallSpecial185"
521;"Special184"
517;"SmallSpecial184"
516;"Special177"
512;"SmallSpecial177"
511;"Special176"
507;"SmallSpecial176"
506;"Special175"
502;"SmallSpecial175"
501;"Special174"
497;"SmallSpecial174"
496;"Special173"
492;"SmallSpecial173"
491;"Special172"
487;"SmallSpecial172"
486;"Special170"
482;"SmallSpecial170"
481;"Special171"
477;"SmallSpecial171"
476;"Special169"
472;"SmallSpecial169"
471;"Special183"
467;"SmallSpecial183"
466;"Special182"
462;"SmallSpecial182"
461;"Special181"
457;"SmallSpecial181"
456;"Special180"
452;"SmallSpecial180"
451;"Special179"
447;"SmallSpecial179"
446;"Special178"
442;"SmallSpecial178"
441;"Props4444"
440;"Props4432"
439;"Props4462"
438;"SpecialIcon222"
437;"SpecialIcon223"
436;"SpecialIcon224"
435;"SpecialIcon273"
434;"SpecialIcon274"
433;"SpecialIcon275"
432;"Props4431"
431;"Props4465"
430;"SpecialIcon219"
429;"SpecialIcon220"
428;"SpecialIcon221"
427;"Props4430"
426;"Props4463"
425;"SpecialIcon216"
424;"SpecialIcon217"
423;"SpecialIcon218"
422;"Props4433"
421;"Props4466"
420;"SpecialIcon225"
419;"SpecialIcon282"
418;"SpecialIcon226"
417;"SpecialIcon283"
416;"SpecialIcon227"
415;"SpecialIcon284"
414;"Props4434"
413;"Assembly232"
412;"SpecialIcon228"
411;"SpecialIcon229"
410;"SpecialIcon230"
409;"Props4435"
408;"SpecialIcon231"
407;"SpecialIcon232"
406;"SpecialIcon233"
405;"Props4436"
404;"SpecialIcon234"
403;"SpecialIcon235"
402;"SpecialIcon236"
401;"Props4413"
400;"SmallCommand97"
399;"Assembly191"
398;"Assembly189"
397;"Assembly203"
396;"SmallSpecial263"
395;"SmallSpecial264"
394;"SmallSpecial265"
393;"Props4459"
392;"SmallSpecial269"
391;"Props4460"
390;"SmallSpecial270"
389;"SmallSpecial271"
388;"SmallSpecial272"
387;"Assembly190"
386;"Props4438"
385;"SpecialIcon240"
384;"SpecialIcon241"
383;"SpecialIcon242"
382;"Props4437"
381;"SpecialIcon237"
380;"SpecialIcon238"
379;"SpecialIcon239"
378;"Assembly192"
377;"SpecialIcon260"
376;"SpecialIcon261"
375;"SpecialIcon262"
374;"Assembly208"
373;"SpecialIcon266"
372;"SpecialIcon267"
371;"SpecialIcon268"
370;"Props4417"
369;"Assembly162"
368;"Props4446"
367;"SpecialIcon245"
366;"SpecialIcon246"
365;"SpecialIcon247"
364;"Props1589"
363;"Props4414"
362;"Props4418"
361;"Props4229"
360;"Props4230"
359;"Props4231"
358;"Props4232"
357;"Props4233"
356;"Props4234"
355;"Props4235"
354;"Props4236"
353;"Props4237"
352;"Props4238"
351;"Props4239"
350;"Props4240"
349;"Props4241"
348;"Props4242"
347;"Props4243"
346;"Props4244"
345;"Props4245"
344;"Props4246"
343;"Props4247"
342;"Props4248"
341;"Props4249"
340;"Props4250"
339;"Props4251"
338;"Props4252"
337;"Props4253"
336;"Props4254"
335;"Props4255"
334;"Props4256"
333;"Props4257"
332;"Props4258"
331;"Props4259"
330;"Props4260"
329;"Props4261"
328;"Props4262"
327;"Props4263"
326;"Props4264"
325;"Props4265"
324;"Props4266"
323;"Props4267"
322;"Props4268"
321;"Props4269"
320;"Props4270"
319;"Props4271"
318;"Props4272"
317;"Props4273"
316;"Props4274"
315;"Props4275"
314;"Props4276"
313;"Props4277"
312;"Props4278"
311;"Props4279"
310;"Props4280"
309;"Props4281"
308;"Props4282"
307;"Props4283"
306;"Props4284"
305;"Props4285"
304;"Props4286"
303;"Props4287"
302;"Props4288"
301;"Props4289"
300;"Props4290"
299;"Props4291"
298;"Props4292"
297;"Props4293"
296;"Props4294"
295;"Props4295"
294;"Props4296"
293;"Props4297"
292;"Props4298"
291;"Props4299"
290;"Props4300"
289;"Props4301"
288;"Props4302"
287;"Props4303"
286;"Assembly209"
285;"Props4415"
284;"Props4419"
283;"Star100"
282;"Star101"
281;"Props4416"
280;"Props4420"
279;"SpecialIcon190"
278;"SpecialIcon193"
277;"SpecialIcon194"
276;"SpecialIcon195"
275;"SpecialIcon196"
274;"SpecialIcon197"
273;"SpecialIcon198"
272;"SpecialIcon199"
271;"SpecialIcon191"
270;"SpecialIcon184"
269;"SpecialIcon185"
268;"SpecialIcon186"
267;"SpecialIcon180"
266;"SpecialIcon192"
265;"SpecialIcon200"
264;"SpecialIcon203"
263;"SpecialIcon204"
262;"SpecialIcon205"
261;"SpecialIcon206"
260;"SpecialIcon207"
259;"SpecialIcon208"
258;"SpecialIcon209"
257;"SpecialIcon201"
256;"SpecialIcon202"
255;"Star4"
254;"Star5"
253;"Star6"
252;"SpecialIcon279"
251;"SpecialIcon280"
250;"SpecialIcon281"
249;"SpecialIcon285"
248;"SpecialIcon286"
247;"SpecialIcon287"
246;"Star7"
245;"Star8"
244;"Star9"
243;"Attack"
242;"buyao1"
241;"buyao2"
240;"buyao3"
239;"SpecialIcon276"
238;"SpecialIcon277"
237;"SpecialIcon278"
236;"SpecialIcon248"
235;"SpecialIcon249"
234;"SpecialIcon250"
233;"Defense"
232;"SpecialIcon177"
231;"SpecialIcon176"
230;"SpecialIcon175"
229;"Props4424"
228;"Props4427"
227;"Map1"
226;"Map2"
225;"Star28"
224;"Star29"
223;"Star30"
222;"Props4448"
221;"SelfFlag"
220;"Props4461"
219;"Assembly216"
218;"Command94"
217;"SmallCommand94"
216;"Command102"
215;"SmallCommand102"
214;"Assembly210"
213;"Star27"
212;"Star26"
211;"Star25"
210;"Loser"
209;"Props4450"
208;"Command92"
207;"SmallCommand92"
206;"Command98"
205;"SmallCommand98"
204;"Assembly173"
203;"Props4452"
202;"Props4456"
201;"Assembly227"
200;"Assembly214"
199;"Assembly172"
198;"Star2"
197;"Assembly175"
196;"Props4453"
195;"Props4457"
194;"Props1594"
193;"Assembly218"
192;"SpecialIcon257"
191;"SpecialIcon258"
190;"SpecialIcon259"
189;"SpecialIcon251"
188;"SpecialIcon252"
187;"SpecialIcon253"
186;"SpecialIcon263"
185;"SpecialIcon264"
184;"SpecialIcon265"
183;"SpecialIcon254"
182;"SpecialIcon255"
181;"SpecialIcon256"
180;"Universe6"
179;"Universe5"
178;"Assembly180"
177;"Assembly181"
176;"Assembly142"
175;"Enemy"
174;"Assembly182"
173;"Assembly183"
172;"Assembly215"
171;"SpecialIcon210"
170;"SpecialIcon211"
169;"SpecialIcon212"
168;"Props4428"
167;"SpecialIcon213"
166;"SpecialIcon215"
165;"SpecialIcon214"
164;"Props4429"
163;"Assembly207"
162;"Assembly204"
161;"Assembly205"
160;"Assembly206"
159;"Assembly170"
158;"Battlenow"
157;"Assembly220"
156;"Assembly4421"
155;"Assembly154"
154;"Assembly221"
153;"SpecialIcon179"
152;"Assembly520"
151;"Props4425"
150;"Props4426"
149;"Assembly156"
148;"Assembly158"
147;"Assembly157"
146;"Assembly155"
145;"Assembly213"
144;"Assembly219"
143;"Assembly225"
142;"Assembly143"
141;"Command110"
140;"SmallCommand110"
139;"Assembly193"
138;"SpecialIcon169"
137;"SpecialIcon171"
136;"SpecialIcon170"
135;"Assembly150"
134;"Assembly145"
133;"Assembly217"
132;"Assembly4412"
131;"Star10"
130;"Star11"
129;"Star12"
128;"Props4441"
127;"Star19"
126;"Star20"
125;"Star21"
124;"Homestead"
123;"Assembly186"
122;"Assembly187"
121;"png_battle"
120;"Assembly229"
119;"Assembly226"
118;"Assembly230"
117;"Command104"
116;"SmallCommand104"
115;"Assembly211"
114;"Assembly159"
113;"Holdup"
112;"Assembly174"
111;"SpecialIcon188"
110;"SpecialIcon189"
109;"Command100"
108;"SmallCommand100"
107;"SpecialIcon187"
106;"Assembly160"
105;"Assembly228"
104;"Command105"
103;"SmallCommand105"
102;"Assembly194"
101;"Assembly231"
100;"Assembly212"
99;"Command106"
98;"SmallCommand106"
97;"Command99"
96;"SmallCommand99"
95;"Command96"
94;"SmallCommand96"
93;"Assembly176"
92;"Assembly178"
91;"Props4440"
90;"Assembly153"
89;"Assembly223"
88;"Command108"
87;"SmallCommand108"
86;"Assembly4422"
85;"SpecialIcon182"
84;"SpecialIcon183"
83;"SpecialIcon181"
82;"Assembly224"
81;"Command103"
80;"SmallCommand103"
79;"Star13"
78;"Star14"
77;"Star15"
76;"Assembly521"
75;"Star16"
74;"Star17"
73;"Star18"
72;"SpecialIcon244"
71;"Star22"
70;"Star23"
69;"Star24"
68;"Command107"
67;"Command95"
66;"SmallCommand95"
65;"Christstar"
64;"SmallCommand107"
63;"Command93"
62;"SmallCommand93"
61;"Assembly171"
60;"Props1590"
59;"Command91"
58;"SmallCommand91"
57;"Props4454"
56;"Props4458"
55;"Assembly222"
54;"Assembly161"
53;"Props4439"
52;"Assembly188"
51;"SpecialIcon243"
50;"Command101"
49;"SmallCommand101"
48;"SpecialIcon178"
47;"Props4449"
46;"Assembly4411"
45;"Command97"
44;"Star3"
43;"wenhao"
42;"Props4451"
41;"Props4455"
40;"Assembly177"
39;"Props4464"
38;"Props1591"
37;"Universe4"
36;"Props4447"
35;"Props4445"
34;"Props4443"
33;"Assembly195"
32;"Assembly196"
31;"Assembly198"
30;"Assembly197"
29;"Assembly202"
28;"Assembly201"
27;"Assembly199"
26;"Assembly200"
25;"Star1"
24;"Props4442"
23;"Universe3"
22;"Universe2"
21;"Props979"
20;"SpecialIcon174"
19;"SpecialIcon172"
18;"SpecialIcon173"
17;"Assembly151"
16;"Props1592"
15;"Command111"
14;"SmallCommand111"
13;"Universe1"
12;"Transition"
11;"Universe0"
10;"Reinforce"
9;"Battleing"
8;"Assembly152"
7;"Command109"
6;"SmallCommand109"
5;"Assembly184"
4;"Assembly185"
3;"Assembly179"
2;"Defend"
1;"Props1593"
