1518;"Special177"
1514;"SmallSpecial177"
1513;"Special176"
1509;"SmallSpecial176"
1508;"Special175"
1504;"SmallSpecial175"
1503;"Special174"
1499;"SmallSpecial174"
1498;"Special173"
1494;"SmallSpecial173"
1493;"Special172"
1489;"SmallSpecial172"
1488;"Special171"
1484;"SmallSpecial171"
1483;"Special170"
1479;"SmallSpecial170"
1478;"Special169"
1474;"SmallSpecial169"
1473;"Special168"
1469;"SmallSpecial168"
1468;"Special167"
1464;"SmallSpecial167"
1463;"Special166"
1459;"SmallSpecial166"
1458;"Special165"
1454;"SmallSpecial165"
1453;"Special164"
1449;"SmallSpecial164"
1448;"Special163"
1444;"SmallSpecial163"
1443;"Special162"
1439;"SmallSpecial162"
1438;"Special161"
1434;"SmallSpecial161"
1433;"Special160"
1429;"SmallSpecial160"
1428;"Special157"
1421;"Special158"
1414;"Special159"
1407;"Special156"
1403;"SmallSpecial156"
1402;"Special155"
1398;"SmallSpecial155"
1397;"Special154"
1393;"SmallSpecial154"
1392;"Special153"
1388;"SmallSpecial153"
1387;"Special152"
1383;"SmallSpecial152"
1382;"Special151"
1378;"SmallSpecial151"
1377;"Special150"
1373;"SmallSpecial150"
1372;"Special149"
1368;"SmallSpecial149"
1367;"Special148"
1363;"SmallSpecial148"
1362;"Special147"
1358;"SmallSpecial147"
1357;"Special146"
1353;"SmallSpecial146"
1352;"Special145"
1348;"SmallSpecial145"
1347;"Special144"
1343;"SmallSpecial144"
1342;"Special143"
1338;"SmallSpecial143"
1337;"Special142"
1333;"SmallSpecial142"
1332;"Special141"
1328;"SmallSpecial141"
1327;"Special140"
1323;"SmallSpecial140"
1322;"Special139"
1318;"SmallSpecial139"
1317;"Special138"
1313;"SmallSpecial138"
1312;"Special137"
1308;"SmallSpecial137"
1307;"Special126"
1303;"SmallSpecial126"
1302;"Special125"
1298;"SmallSpecial125"
1297;"Special124"
1293;"SmallSpecial124"
1292;"Special123"
1288;"SmallSpecial123"
1287;"Special122"
1283;"SmallSpecial122"
1282;"Special121"
1278;"SmallSpecial121"
1277;"Special120"
1273;"SmallSpecial120"
1272;"Special119"
1268;"SmallSpecial119"
1267;"Special118"
1263;"SmallSpecial118"
1262;"Special117"
1258;"SmallSpecial117"
1257;"Special116"
1253;"SmallSpecial116"
1252;"Special115"
1248;"SmallSpecial115"
1247;"Special114"
1243;"SmallSpecial114"
1242;"Special113"
1238;"SmallSpecial113"
1237;"Special112"
1233;"SmallSpecial112"
1232;"Special111"
1228;"SmallSpecial111"
1227;"Special110"
1223;"SmallSpecial110"
1222;"Special109"
1218;"SmallSpecial109"
1217;"Special108"
1213;"SmallSpecial108"
1212;"Special107"
1208;"SmallSpecial107"
1207;"YueqianMc"
1204;"Ship0"
1200;"SmallShip0"
1199;"Ship1"
1195;"SmallShip1"
1194;"Ship2"
1190;"SmallShip2"
1189;"Ship3"
1185;"SmallShip3"
1184;"Ship4"
1180;"SmallShip4"
1179;"Ship5"
1175;"SmallShip5"
1174;"Ship6"
1170;"SmallShip6"
1169;"Ship7"
1165;"SmallShip7"
1164;"Ship8"
1160;"SmallShip8"
1159;"Ship9"
1155;"SmallShip9"
1154;"Ship10"
1150;"SmallShip10"
1149;"Ship11"
1145;"SmallShip11"
1144;"Ship12"
1140;"SmallShip12"
1139;"Ship13"
1135;"SmallShip13"
1134;"Ship14"
1130;"SmallShip14"
1129;"Ship15"
1125;"SmallShip15"
1124;"Ship16"
1120;"SmallShip16"
1119;"Ship17"
1115;"SmallShip17"
1114;"Ship18"
1110;"SmallShip18"
1109;"Ship19"
1105;"SmallShip19"
1104;"Ship20"
1100;"SmallShip20"
1099;"Ship21"
1095;"SmallShip21"
1094;"Ship22"
1090;"SmallShip22"
1089;"Ship23"
1085;"SmallShip23"
1084;"Ship24"
1080;"SmallShip24"
1079;"Ship25"
1075;"SmallShip25"
1074;"Ship26"
1070;"SmallShip26"
1069;"Ship27"
1065;"SmallShip27"
1064;"Ship28"
1060;"SmallShip28"
1059;"Ship29"
1055;"SmallShip29"
1054;"Special47"
1050;"SmallSpecial1000"
1049;"Special48"
1045;"SmallSpecial48"
1044;"Special49"
1040;"SmallSpecial49"
1039;"Special51"
1035;"SmallSpecial51"
1034;"Special52"
1030;"SmallSpecial52"
1029;"Special53"
1025;"SmallSpecial53"
1024;"Special54"
1020;"SmallSpecial54"
1019;"Special55"
1015;"SmallSpecial55"
1014;"Special56"
1010;"SmallSpecial56"
1009;"Special37"
1005;"SmallSpecial37"
1004;"Special38"
1000;"SmallSpecial38"
999;"Special39"
995;"SmallSpecial39"
994;"Special40"
990;"SmallSpecial40"
989;"Special41"
985;"SmallSpecial41"
984;"Special42"
980;"SmallSpecial42"
979;"Special43"
975;"SmallSpecial43"
974;"Special44"
970;"SmallSpecial44"
969;"Special45"
965;"SmallSpecial45"
964;"Special46"
960;"SmallSpecial46"
959;"Special50"
955;"SmallSpecial50"
954;"Special97"
950;"SmallSpecial97"
949;"Special98"
945;"SmallSpecial98"
944;"Special99"
940;"SmallSpecial99"
939;"Special100"
935;"SmallSpecial100"
934;"Special101"
930;"SmallSpecial101"
929;"Special102"
925;"SmallSpecial102"
924;"Special103"
920;"SmallSpecial103"
919;"Special104"
915;"SmallSpecial104"
914;"Special105"
910;"SmallSpecial105"
909;"Special106"
905;"SmallSpecial106"
904;"Special1000"
900;"SmallSpecial57"
899;"Special1001"
895;"SmallSpecial58"
894;"Special1002"
890;"SmallSpecial59"
889;"Special1003"
885;"SmallSpecial60"
884;"Special1004"
880;"SmallSpecial61"
879;"Special1005"
875;"SmallSpecial62"
874;"Special1006"
870;"SmallSpecial63"
869;"Special1007"
865;"SmallSpecial64"
864;"Special1008"
860;"SmallSpecial65"
859;"Special1009"
855;"SmallSpecial66"
854;"Special1"
850;"SmallSpecial1"
849;"Special2"
845;"SmallSpecial2"
844;"Special3"
840;"SmallSpecial3"
839;"Special4"
835;"SmallSpecial4"
834;"Special5"
830;"SmallSpecial5"
829;"Special6"
825;"SmallSpecial6"
824;"Special7"
820;"SmallSpecial7"
819;"Special8"
815;"SmallSpecial8"
814;"Special9"
810;"SmallSpecial9"
809;"Special10"
805;"SmallSpecial10"
804;"Special11"
800;"SmallSpecial11"
799;"Special12"
795;"SmallSpecial12"
794;"Special13"
790;"SmallSpecial13"
789;"Special14"
785;"SmallSpecial14"
784;"Special15"
780;"SmallSpecial15"
779;"Special16"
775;"SmallSpecial16"
774;"Special17"
770;"SmallSpecial17"
769;"Special18"
765;"SmallSpecial18"
764;"Special19"
760;"SmallSpecial19"
759;"Special20"
755;"SmallSpecial20"
754;"Special21"
750;"SmallSpecial21"
749;"Special22"
745;"SmallSpecial22"
744;"Special23"
740;"SmallSpecial23"
739;"Special24"
735;"SmallSpecial24"
734;"Special25"
730;"SmallSpecial25"
729;"Special26"
725;"SmallSpecial26"
724;"Special27"
720;"SmallSpecial27"
719;"Special28"
715;"SmallSpecial28"
714;"Special29"
710;"SmallSpecial29"
709;"Special30"
705;"SmallSpecial30"
704;"Special33"
700;"SmallSpecial33"
699;"Special32"
695;"SmallSpecial32"
694;"Special31"
690;"SmallSpecial31"
689;"Special34"
685;"SmallSpecial34"
684;"Special35"
680;"SmallSpecial35"
679;"Special36"
675;"SmallSpecial36"
674;"Ship31"
670;"SmallShip31"
669;"Ship32"
665;"SmallShip32"
664;"Ship33"
660;"SmallShip33"
659;"Ship34"
655;"SmallShip34"
654;"Ship35"
650;"SmallShip35"
649;"Ship36"
645;"SmallShip36"
644;"Ship37"
640;"SmallShip37"
639;"Ship38"
635;"SmallShip38"
634;"Ship39"
630;"SmallShip39"
629;"Ship40"
625;"SmallShip40"
624;"Ship41"
620;"SmallShip41"
619;"Ship42"
615;"SmallShip42"
614;"Ship43"
610;"SmallShip43"
609;"Ship44"
605;"SmallShip44"
604;"Ship45"
600;"SmallShip45"
599;"Ship46"
595;"SmallShip46"
594;"Ship47"
590;"SmallShip47"
589;"Ship48"
585;"SmallShip48"
584;"Ship49"
580;"SmallShip49"
579;"Ship50"
575;"SmallShip50"
574;"Ship51"
570;"SmallShip51"
569;"Ship52"
565;"SmallShip52"
564;"Ship53"
560;"SmallShip53"
559;"Ship54"
555;"SmallShip54"
554;"Ship55"
550;"SmallShip55"
549;"Ship56"
545;"SmallShip56"
544;"Ship57"
540;"SmallShip57"
539;"Ship58"
535;"SmallShip58"
534;"Ship59"
530;"SmallShip59"
529;"Ship60"
525;"SmallShip60"
524;"Ship1000"
520;"SmallShip1000"
519;"Ship1001"
515;"SmallShip1001"
514;"Ship1002"
510;"SmallShip1002"
509;"Ship63"
505;"SmallShip63"
504;"Ship64"
500;"SmallShip64"
499;"Ship65"
495;"SmallShip65"
494;"Ship66"
490;"SmallShip66"
489;"Ship67"
485;"SmallShip67"
484;"Ship68"
480;"SmallShip68"
479;"Ship69"
475;"SmallShip69"
474;"Ship70"
470;"SmallShip70"
469;"Ship71"
465;"SmallShip71"
464;"Ship72"
460;"SmallShip72"
459;"Ship73"
455;"SmallShip73"
454;"Ship74"
450;"SmallShip74"
449;"Ship75"
445;"SmallShip75"
444;"Ship76"
440;"SmallShip76"
439;"Ship77"
435;"SmallShip77"
434;"Ship78"
430;"SmallShip78"
429;"Ship79"
425;"SmallShip79"
424;"Ship80"
420;"SmallShip80"
419;"Ship81"
415;"SmallShip81"
414;"Ship82"
410;"SmallShip82"
409;"Ship83"
405;"SmallShip83"
404;"Ship87"
400;"SmallShip87"
399;"Ship88"
395;"SmallShip88"
394;"Ship89"
390;"SmallShip89"
389;"Ship90"
385;"SmallShip90"
384;"Ship91"
380;"SmallShip91"
379;"Ship92"
375;"SmallShip92"
374;"Ship93"
370;"SmallShip93"
369;"Ship94"
365;"SmallShip94"
364;"Ship95"
360;"SmallShip95"
359;"SmallSpecial157"
358;"SpecialIcon157"
357;"Assembly126"
356;"SmallSpecial158"
355;"SpecialIcon158"
354;"SmallSpecial159"
353;"SpecialIcon159"
352;"Assembly125"
351;"Props2073"
350;"SpecialIcon117"
349;"Props2014"
348;"SpecialIcon116"
347;"Props2015"
346;"SpecialIcon107"
345;"Props2012"
344;"Props2013"
343;"Props2002"
342;"Props2003"
341;"Props2000"
340;"Props2001"
339;"Props2018"
338;"Props2019"
337;"Props2042"
336;"SpecialIcon118"
335;"Props2017"
334;"Props2072"
333;"SpecialIcon108"
332;"Props2046"
331;"Props2047"
330;"Props2044"
329;"Props2045"
328;"Props2066"
327;"Props2067"
326;"Props2064"
325;"Props2065"
324;"Props2043"
323;"SpecialIcon119"
322;"Props2030"
321;"Props2031"
320;"Props2028"
319;"Props2029"
318;"SpecialIcon109"
317;"Props2026"
316;"Props2027"
315;"Props2024"
314;"Props2025"
313;"Props2022"
312;"Props2023"
311;"Props2040"
310;"SpecialIcon120"
309;"Props2020"
308;"Props2021"
307;"Props2006"
306;"Props2007"
305;"SpecialIcon110"
304;"Props2004"
303;"Props2005"
302;"Props2010"
301;"Props2011"
300;"Props2008"
299;"Props2009"
298;"Props2041"
297;"SpecialIcon121"
296;"Props2050"
295;"Props2051"
294;"SpecialIcon111"
293;"Props2048"
292;"Props2049"
291;"Props2100"
290;"Props2101"
289;"Props2068"
288;"Props2069"
287;"Props2034"
286;"Props2035"
285;"Props2062"
284;"SpecialIcon123"
283;"Props2032"
282;"Props2033"
281;"SpecialIcon112"
280;"Props2055"
279;"SpecialIcon125"
278;"Props2052"
277;"SpecialIcon126"
276;"Props2053"
275;"Props2038"
274;"Props2039"
273;"Props2036"
272;"Props2037"
271;"Props2058"
270;"Props2063"
269;"Props2059"
268;"Props2056"
267;"SpecialIcon139"
266;"SpecialIcon140"
265;"SpecialIcon141"
264;"Props2057"
263;"SpecialIcon142"
262;"SpecialIcon143"
261;"Props2016"
260;"SpecialIcon113"
259;"SpecialIcon137"
258;"SpecialIcon144"
257;"SpecialIcon145"
256;"SpecialIcon146"
255;"Props2054"
254;"SpecialIcon138"
253;"Props2060"
252;"SpecialIcon124"
251;"SpecialIcon147"
250;"SpecialIcon150"
249;"SpecialIcon151"
248;"SpecialIcon152"
247;"SpecialIcon153"
246;"SpecialIcon154"
245;"SpecialIcon114"
244;"SpecialIcon155"
243;"SpecialIcon156"
242;"SpecialIcon148"
241;"SpecialIcon149"
240;"Props2061"
239;"SpecialIcon115"
238;"IconShip0"
237;"IconShip1000"
236;"IconShip1001"
235;"IconShip1002"
234;"IconShip10"
233;"IconShip1"
232;"IconShip11"
231;"IconShip12"
230;"IconShip13"
229;"IconShip14"
228;"IconShip15"
227;"IconShip16"
226;"IconShip17"
225;"IconShip18"
224;"IconShip19"
223;"IconShip20"
222;"IconShip2"
221;"IconShip21"
220;"IconShip22"
219;"IconShip23"
218;"IconShip24"
217;"IconShip25"
216;"IconShip26"
215;"IconShip27"
214;"IconShip28"
213;"IconShip29"
212;"IconShip3"
211;"IconShip31"
210;"IconShip32"
209;"IconShip33"
208;"IconShip34"
207;"IconShip35"
206;"IconShip36"
205;"IconShip37"
204;"IconShip38"
203;"IconShip39"
202;"IconShip40"
201;"IconShip4"
200;"IconShip41"
199;"IconShip42"
198;"IconShip43"
197;"IconShip44"
196;"IconShip45"
195;"IconShip46"
194;"IconShip47"
193;"IconShip48"
192;"IconShip49"
191;"IconShip50"
190;"IconShip5"
189;"IconShip51"
188;"IconShip52"
187;"IconShip53"
186;"IconShip54"
185;"IconShip55"
184;"IconShip56"
183;"IconShip57"
182;"IconShip58"
181;"IconShip59"
180;"IconShip60"
179;"IconShip6"
178;"IconShip63"
177;"IconShip64"
176;"IconShip65"
175;"IconShip66"
174;"IconShip67"
173;"IconShip68"
172;"IconShip69"
171;"IconShip70"
170;"IconShip7"
169;"IconShip71"
168;"IconShip72"
167;"IconShip73"
166;"IconShip74"
165;"IconShip75"
164;"IconShip76"
163;"IconShip77"
162;"IconShip78"
161;"IconShip79"
160;"IconShip80"
159;"IconShip8"
158;"IconShip81"
157;"IconShip82"
156;"IconShip83"
155;"IconShip87"
154;"IconShip88"
153;"IconShip89"
152;"IconShip90"
151;"IconShip9"
150;"IconShip91"
149;"IconShip92"
148;"IconShip93"
147;"IconShip94"
146;"IconShip95"
145;"Props1546"
144;"SpecialIcon1"
143;"SpecialIcon2"
142;"SpecialIcon3"
141;"Command85"
140;"Command86"
139;"SmallCommand86"
138;"Command87"
137;"SmallCommand87"
136;"Command88"
135;"SmallCommand88"
134;"SmallCommand85"
133;"Props100"
132;"Assembly132"
131;"Props102"
130;"Props103"
129;"Props104"
128;"Props105"
127;"Props106"
126;"Props107"
125;"Props108"
124;"Props101"
123;"Props2075"
122;"Assembly142"
121;"Props1547"
120;"SpecialIcon22"
119;"SpecialIcon23"
118;"SpecialIcon24"
117;"SpecialIcon31"
116;"SpecialIcon32"
115;"SpecialIcon33"
114;"Assembly149"
113;"SpecialIcon106"
112;"SpecialIcon46"
111;"SpecialIcon56"
110;"SpecialIcon66"
109;"SpecialIcon97"
108;"SpecialIcon37"
107;"SpecialIcon47"
106;"SpecialIcon57"
105;"SpecialIcon98"
104;"SpecialIcon38"
103;"SpecialIcon48"
102;"SpecialIcon58"
101;"SpecialIcon99"
100;"SpecialIcon39"
99;"SpecialIcon49"
98;"SpecialIcon59"
97;"SpecialIcon100"
96;"SpecialIcon40"
95;"SpecialIcon50"
94;"SpecialIcon60"
93;"SpecialIcon101"
92;"SpecialIcon41"
91;"SpecialIcon51"
90;"SpecialIcon61"
89;"SpecialIcon102"
88;"SpecialIcon42"
87;"SpecialIcon52"
86;"SpecialIcon62"
85;"SpecialIcon103"
84;"SpecialIcon43"
83;"SpecialIcon53"
82;"SpecialIcon63"
81;"SpecialIcon104"
80;"SpecialIcon44"
79;"SpecialIcon54"
78;"SpecialIcon64"
77;"SpecialIcon105"
76;"SpecialIcon45"
75;"SpecialIcon55"
74;"SpecialIcon65"
73;"SpecialIcon122"
72;"SpecialIcon16"
71;"SpecialIcon17"
70;"SpecialIcon18"
69;"Assembly130"
68;"Assembly143"
67;"Assembly128"
66;"SpecialIcon160"
65;"Assembly139"
64;"SpecialIcon161"
63;"SpecialIcon162"
62;"Assembly150"
61;"Assembly145"
60;"Assembly138"
59;"Assembly135"
58;"SpecialIcon25"
57;"SpecialIcon26"
56;"SpecialIcon27"
55;"Assembly131"
54;"SpecialIcon19"
53;"SpecialIcon20"
52;"SpecialIcon21"
51;"Assembly133"
50;"Assembly148"
49;"Assembly136"
48;"SpecialIcon28"
47;"SpecialIcon29"
46;"SpecialIcon30"
45;"SpecialIcon13"
44;"SpecialIcon14"
43;"SpecialIcon15"
42;"Assembly129"
41;"Assembly137"
40;"Assembly134"
39;"SpecialIcon10"
38;"SpecialIcon11"
37;"SpecialIcon12"
36;"SpecialIcon7"
35;"SpecialIcon8"
34;"SpecialIcon9"
33;"SpecialIcon34"
32;"SpecialIcon35"
31;"SpecialIcon36"
30;"Command90"
29;"SmallCommand90"
28;"Command89"
27;"SmallCommand89"
26;"Props109"
25;"Props110"
24;"Props111"
23;"Props112"
22;"Props113"
21;"Props114"
20;"Props115"
19;"Props116"
18;"SpecialIcon4"
17;"SpecialIcon5"
16;"SpecialIcon6"
15;"Assembly127"
14;"Assembly140"
13;"SpecialIcon163"
12;"SpecialIcon164"
11;"SpecialIcon165"
10;"Assembly151"
9;"Assembly146"
8;"Assembly144"
7;"Assembly141"
6;"SpecialIcon166"
5;"SpecialIcon167"
4;"SpecialIcon168"
3;"Assembly152"
2;"Props2074"
1;"Assembly147"
