7560;"fl.controls.Button"
7559;"AirshipdesignScene"
7528;"E_games_asset_fla.MaskMc_70"
7500;"E_games_asset_fla.MaskMc_64"
7373;"BoatdestroyScene"
7324;"BoatrepairScene"
7263;"BoatyardScene"
7215;"FleetcombinationScene"
7214;"E_games_asset_fla.Timeline_148"
7175;"Inputnumpopup"
7161;"FoundfleetScene"
7084;"DeleteBtnMc"
7079;"LoadingBtnMc"
7075;"ResearchcenterScene"
6994;"PrograssBarMc"
6610;"HelpMc4"
6600;"HelpMc2"
6575;"HelpMc5"
6568;"HelpMc3"
6535;"HelpMc1"
6524;"BattlebgMc2"
6519;"BattlebgMc3"
6513;"BattleScene"
6442;"HuiheTxtMc"
6428;"BattlereportScene"
6385;"E_games_asset_fla.ReporetxtMc_418"
6368;"ExperciencelistPlan"
6363;"HitlistMc"
6361;"HitlistPlan"
6356;"ResachievePlan"
6350;"TopattackPlan"
6346;"BuildlistMc"
6337;"BuildScene"
6297;"BuildspeedMc"
6286;"E_games_asset_fla.BuildcashMc_446"
6279;"BackoutBtnMc"
6274;"BlackmarketBtnMc"
6269;"BuildcancelBtnMc"
6264;"CopyBtnMc"
6261;"EnterBtnMc"
6256;"CloseBtnMc"
6253;"MoveBtnMc"
6248;"PickBtnMc"
6243;"SpeedBtnMc"
6239;"UpgradeBtnMc"
6234;"ChallengeBtnMc"
6229;"ChangeServerBtn"
6219;"ChangeServerScene"
6158;"ServerPopMc"
6143;"ChangerserverruleMc"
6109;"ArmyScene"
6037;"BluecardMc"
6027;"E_games_asset_fla.Timeline_505"
6019;"CommandercardScene"
6002;"CommanderScene"
6001;"E_games_asset_fla.Timeline_522"
5994;"EmptycardMc"
5817;"GemScene"
5802;"GoldencardMc"
5799;"E_games_asset_fla.CommanderUpBtn3_613"
5793;"E_games_asset_fla.Timeline_612"
5786;"GreencardMc"
5776;"E_games_asset_fla.Timeline_616"
5768;"YellowcardMc"
5765;"E_games_asset_fla.HerostarMc_510"
5755;"E_games_asset_fla.Timeline_623"
5739;"GemcheckPop"
5695;"Zhanlie"
5693;"Xuanyang"
5691;"Huwei"
5689;"Duixing"
5687;"Jianzhan"
5685;"Daodan"
5683;"Dingxiang"
5681;"Dandao"
5633;"CommanderchipScene"
5629;"E_games_asset_fla.Timeline_680"
5604;"E_games_asset_fla.Timeline_669"
5574;"E_games_asset_fla.Timeline_658"
5570;"E_games_asset_fla.Timeline_662"
5559;"E_games_asset_fla.Timeline_657"
5522;"E_games_asset_fla.Timeline_642"
5482;"ComposeScene"
5476;"E_games_asset_fla.Timeline_801"
5464;"E_games_asset_fla.scrollup_798"
5457;"E_games_asset_fla.Timeline_796"
5448;"E_games_asset_fla.Timeline_795"
5446;"E_games_asset_fla.Timeline_794"
5444;"E_games_asset_fla.check000_793"
5440;"E_games_asset_fla.Timeline_792"
5435;"E_games_asset_fla.Timeline_791"
5391;"E_games_asset_fla.Timeline_781"
5377;"E_games_asset_fla.Timeline_668"
5357;"E_games_asset_fla.Timeline_772"
5332;"E_games_asset_fla.Timeline_765"
5173;"E_games_asset_fla.Timeline_747"
4951;"MergeAnimMc"
4946;"constellationplan7"
4944;"constellationplan8"
4942;"CopyScene"
4940;"E_games_asset_fla.Timeline_860"
4934;"E_games_asset_fla.Timeline_858"
4929;"E_games_asset_fla.Timeline_856"
4924;"E_games_asset_fla.Timeline_854"
4919;"E_games_asset_fla.Timeline_852"
4914;"E_games_asset_fla.Timeline_850"
4909;"E_games_asset_fla.Timeline_848"
4904;"E_games_asset_fla.Timeline_846"
4898;"E_games_asset_fla.Timeline_844"
4892;"E_games_asset_fla.Timeline_842"
4886;"E_games_asset_fla.Timeline_840"
4881;"E_games_asset_fla.Timeline_838"
4876;"E_games_asset_fla.Timeline_836"
4865;"E_games_asset_fla.Timeline_833"
4807;"Locus"
4806;"E_games_asset_fla.Timeline_875"
4801;"E_games_asset_fla.Timeline_862"
4786;"CopydianPlan"
4774;"CopydianPlan1"
4759;"CorpsMallMc"
4755;"E_games_asset_fla.ModulePlanMc_130"
4639;"CorpsnamePlan"
4634;"CorpsofferScene"
4604;"CorpsScene"
4549;"CorpsupgradeMcPop"
4515;"DemesnelistPlan"
4497;"DiplomatismlistPlan"
4489;"EquipmentmanageMcPop"
4479;"FoundcorpsMcpop"
4470;"JobmanageMcPop"
4448;"MatterlistPlan"
4444;"MemberlistPlan"
4434;"MycorpsScene"
4417;"E_games_asset_fla.Timeline_972"
4412;"E_games_asset_fla.Timeline_971"
4406;"E_games_asset_fla.Timeline_970"
4400;"E_games_asset_fla.Timeline_969"
4395;"E_games_asset_fla.Timeline_968"
4248;"OfferPlan"
4241;"PirateScene"
4180;"RecruitlistPlan"
4171;"RecruitmemberMcPop"
4166;"SourceslistPlan"
4144;"TransferMcPop"
4136;"DaytaskScene"
4061;"E_games_asset_fla.Timeline_1021"
3971;"EnjoyUi"
3946;"E_games_asset_fla.EnjoyReportnameMc_1058"
3888;"ChangenameMc"
3880;"ErrorScene"
3852;"SelectedServerMc"
3812;"E_games_asset_fla.ServerPlan_1097"
3809;"E_games_asset_fla.ServerStateMc_1100"
3805;"E_games_asset_fla.Timeline_1099"
3783;"FacebookUiScene"
3777;"E_games_asset_fla.FriendsMcBtn_1106"
3774;"E_games_asset_fla.FriendsMcBtn_1105"
3761;"E_games_asset_fla.Timeline_1104"
3756;"CorpsgarrisonScene"
3735;"FleetdepartScene"
3665;"FleetsupplyScene"
3601;"Fleetsuspend"
3578;"FriendBtnPopup"
3542;"FriendScene"
3541;"Friendlist"
3511;"Invitepopup"
3500;"ExaminePop"
3498;"E_games_asset_fla.CommandergradeMc_506"
3428;"GalaxymapPopup"
3404;"GalaxymapScene"
3403;"E_games_asset_fla.Timeline_1200"
3304;"GalaxytxtMc"
3298;"MinibtnMc"
3297;"E_games_asset_fla.Timeline_1211"
3294;"E_games_asset_fla.Timeline_1207"
3286;"E_games_asset_fla.Timeline_1205"
3279;"MinibtnMc2"
3266;"StarnamePop"
3252;"LeaguerangeScene"
3207;"LeagueScene"
3144;"RaceScene"
3126;"E_games_asset_fla.Timeline_1256"
3119;"E_games_asset_fla.Timeline_1253"
3114;"E_games_asset_fla.Timeline_1252"
3109;"E_games_asset_fla.Timeline_1249"
3096;"E_games_asset_fla.Timeline_1247"
3079;"BattleScenemc"
3060;"E_games_asset_fla.Timeline_1267"
3046;"E_games_asset_fla.Timeline_1263"
3042;"E_games_asset_fla.Timeline_1262"
3035;"E_games_asset_fla.Timeline_1261"
3018;"Copyimage3"
3017;"galaxy_battle"
3008;"LeagueinfoMc"
2762;"Nowloading"
2752;"RingLoading"
2748;"FreindPlanMc"
2739;"FriendlistMc"
2735;"InboxdetailMc"
2698;"InboxlistMc"
2667;"InboxPlanMc"
2656;"MailScene"
2635;"WriteletterMc"
2610;"BtngatherMc"
2543;"E_games_asset_fla.BuildprogressBtnMc_1307"
2534;"ConstructProgressMc"
2520;"Fleetinfopopup"
2508;"Fleetinfopopup2"
2483;"modifymc"
2467;"NavigationAnim"
2450;"NavigationAnim1"
2429;"NavigationAnim2"
2408;"NavigationAnim3"
2383;"NavigationAnim4"
2145;"E_games_asset_fla.Timeline_1007"
2137;"PlayerinfoMc"
2136;"E_games_asset_fla.Timeline_1546"
2125;"E_games_asset_fla.MusicBtn_1541"
2118;"E_games_asset_fla.Timeline_1540"
2102;"ResPlanMc"
2055;"TransparentPicMc"
2054;"TransparentPicMc2"
2050;"AirshipsellMc"
2049;"AirshipsellplanMc"
2040;"BuylistMc"
2028;"BuyMc"
2010;"E_games_asset_fla.Timeline_1574"
1996;"BuysearchPop"
1990;"GoodssellMc"
1984;"MallBtnPopup"
1971;"MallgoodslGouPlan"
1966;"MallgoodslHotPlan"
1959;"MallgoodslNewPlan"
1952;"MallgoodslPlan"
1948;"MallgoodsScene"
1906;"Battle_mall"
1898;"MallScene"
1881;"PropawardPop"
1875;"SellinglistMc"
1858;"SellingMc"
1849;"SellMc"
1785;"StorehousePop"
1776;"StorehousePop1"
1767;"StorepayPop"
1741;"MusicScene"
1715;"BatchusePop"
1709;"MallStorageScene"
1699;"E_games_asset_fla.Timeline_1640"
1690;"saleMc"
1662;"StorageScene"
1643;"CancelBtnMc"
1603;"Fund"
1588;"lock"
1550;"Addfriendpopup"
1539;"EnsurePop"
1536;"HireScenePopup"
1532;"MailbagPopup"
1520;"MallgoodsPopup"
1512;"PrepaidPopup"
1504;"Storagepopup"
1495;"moban"
1493;"CorpscontainerMc"
1486;"NowbattlerMc"
1475;"RankingcontainerMc"
1466;"RankingScene"
1456;"E_games_asset_fla.Timeline_1691"
1451;"E_games_asset_fla.Timeline_909"
1419;"E_games_asset_fla.Rankbattlebtn_1686"
1415;"E_games_asset_fla.Rankbtn_1684"
1381;"DomainPop"
1366;"LoserPop"
1334;"RulesPop"
1326;"StarlookPop"
1319;"E_games_asset_fla.Starlist4_1755"
1287;"E_games_asset_fla.Starlist3_1724"
1179;"E_games_asset_fla.FacebookmaterialMc_1717"
1083;"StarPop"
1069;"StealScene"
1018;"E_games_asset_fla.StarPlan_1802"
907;"BanshouMc1"
905;"BanshouMc2"
903;"FetchMc"
900;"MoveMc"
897;"CopytaskPlan"
891;"MaintaskPlan"
881;"TaskScene"
812;"Giftmoney"
810;"Gold"
800;"AirshipMc"
793;"BuildchargeMc"
792;"FlattopMc"
782;"MissileMc"
775;"OpticsMc"
765;"ResgatherMc"
761;"TechnologyScene"
689;"TrajectoryMc"
662;"ResTradeMc"
649;"E_games_asset_fla.Timeline_1886"
646;"E_games_asset_fla.Timeline_1884"
640;"He3"
637;"Metal"
628;"E_games_asset_fla.Timeline_1883"
624;"UnloadScene"
571;"constellationplan9"
569;"constellationplan2"
567;"Arena_dropbtn"
552;"Arenacreatpop"
549;"E_games_asset_fla.Timeline_1903"
545;"E_games_asset_fla.Timeline_1901"
537;"Arenacreatapplypop"
536;"E_games_asset_fla.Timeline_1905"
520;"Arena_fightingvs"
501;"Arena_freevs"
482;"ArenaScene"
473;"E_games_asset_fla.Timeline_1935"
470;"E_games_asset_fla.Timeline_1933"
461;"E_games_asset_fla.refresh_1931"
452;"E_games_asset_fla.Timeline_1930"
444;"E_games_asset_fla.Timeline_1929"
442;"E_games_asset_fla.Timeline_1927"
413;"LuckyScene"
395;"E_games_asset_fla.Timeline_77"
389;"fl.controls.TextArea"
388;"fl.controls.UIScrollBar"
387;"ScrollThumb_upSkin"
385;"ScrollArrowUp_disabledSkin"
384;"ScrollArrowDown_disabledSkin"
382;"ScrollArrowDown_upSkin"
380;"ScrollArrowUp_upSkin"
378;"ScrollArrowUp_overSkin"
376;"ScrollThumb_overSkin"
374;"ScrollArrowDown_overSkin"
372;"ScrollThumb_downSkin"
370;"ScrollArrowDown_downSkin"
368;"ScrollArrowUp_downSkin"
364;"ScrollTrack_skin"
362;"focusRectSkin"
360;"TextArea_upSkin"
358;"TextArea_disabledSkin"
356;"fl.core.ComponentShim"
343;"E_games_asset_fla.ArrowLeftMcBtn_425"
334;"E_games_asset_fla.Timeline_1938"
303;"ArenaBtnMc"
298;"constellationplan3"
295;"constellationplan6"
293;"mergelist"
288;"constellationplan4"
285;"Luckybase"
282;"E_games_asset_fla.Timeline_1954"
277;"E_games_asset_fla.Timeline_1953"
272;"E_games_asset_fla.Timeline_1951"
267;"E_games_asset_fla.Timeline_1950"
258;"E_games_asset_fla.VS_right_1949"
253;"E_games_asset_fla.VS_left_1948"
241;"E_games_asset_fla.Timeline_1907"
229;"constellationplan11"
226;"LuckyBtnMc"
221;"viewbtn"
217;"Battle_rankinglist"
208;"BattleBtn"
200;"MallbattlegoodsPlan"
194;"MallbattlehornorScene"
145;"members"
137;"BattleLoserPop"
136;"E_games_asset_fla.Battle_rankinglistplan_1977"
129;"E_games_asset_fla.Timeline_1976"
123;"E_games_asset_fla.Timeline_1975"
116;"E_games_asset_fla.ArrowLeftMcBtn_1974"
98;"Race_rankinglist"
91;"RacerankingScene"
82;"E_games_asset_fla.Timeline_1575"
57;"constellationplan1"
54;"constellationplan10"
51;"constellationplan0"
48;"constellationplan5"
47;"E_games_asset_fla.galaxy_805"
28;"top_center"
27;"Commanderstar"
26;"Copyimage0"
25;"Copyimage1"
24;"dianzi.png"
23;"Emptystar"
22;"guibi.png"
21;"jingzhun.png"
20;"left_bottom"
19;"left_center"
18;"left_top"
17;"map"
16;"map0"
15;"Mouse"
14;"right_bottom"
13;"right_top"
12;"top"
11;"bottom"
10;"yidongli.png"
9;"center"
8;"ToolReward"
7;"bottom_center"
6;"Giftmoney2"
5;"random"
4;"right_center"
3;"planbarbg"
2;"planbar"
1;"Time"
0;"flasht.display.Movieclip"
