923;"Mainstar"
920;"Resstar"
918;"Stargate"
916;"Allystar"
914;"Battlestate"
913;"Battlestate2"
911;"Special269"
907;"SpecialIcon269"
906;"Special268"
902;"SmallSpecial268"
901;"Special267"
897;"SmallSpecial267"
896;"Special266"
892;"SmallSpecial266"
891;"Special265"
884;"Special264"
877;"Special263"
870;"Special262"
866;"SmallSpecial262"
865;"Special261"
861;"SmallSpecial261"
860;"Special260"
856;"SmallSpecial260"
855;"Special259"
851;"SmallSpecial259"
850;"Special258"
846;"SmallSpecial258"
845;"Special257"
841;"SmallSpecial257"
840;"Special256"
836;"SmallSpecial256"
835;"Special255"
831;"SmallSpecial255"
830;"Special254"
826;"SmallSpecial254"
825;"Special253"
821;"SmallSpecial253"
820;"Special252"
816;"SmallSpecial252"
815;"Special251"
811;"SmallSpecial251"
810;"Special249"
806;"SmallSpecial249"
805;"Special250"
801;"SmallSpecial250"
800;"Special248"
796;"SmallSpecial248"
795;"Special247"
791;"SmallSpecial247"
790;"Special245"
786;"SmallSpecial245"
785;"Special246"
781;"SmallSpecial246"
780;"Special244"
776;"SmallSpecial244"
775;"Special243"
771;"SmallSpecial243"
770;"Special242"
766;"SmallSpecial242"
765;"Special241"
761;"SmallSpecial241"
760;"Special240"
756;"SmallSpecial240"
755;"Special239"
751;"SmallSpecial239"
750;"Special238"
746;"SmallSpecial238"
745;"Special237"
741;"SmallSpecial237"
740;"Special236"
736;"SmallSpecial236"
735;"Special235"
731;"SmallSpecial235"
730;"Special234"
726;"SmallSpecial234"
725;"Special233"
721;"SmallSpecial233"
720;"Special232"
716;"SmallSpecial232"
715;"Special231"
711;"SmallSpecial231"
710;"Special230"
706;"SmallSpecial230"
705;"Special229"
701;"SmallSpecial229"
700;"Special228"
696;"SmallSpecial228"
695;"Special227"
691;"SmallSpecial227"
690;"Special226"
686;"SmallSpecial226"
685;"Special225"
681;"SmallSpecial225"
680;"Special224"
676;"SmallSpecial224"
675;"Special223"
671;"SmallSpecial223"
670;"Special222"
666;"SmallSpecial222"
665;"Special221"
661;"SmallSpecial221"
660;"Special220"
656;"SmallSpecial220"
655;"Special219"
651;"SmallSpecial219"
650;"Special218"
646;"SmallSpecial218"
645;"Special217"
641;"SmallSpecial217"
640;"Special216"
636;"SmallSpecial216"
635;"Special215"
631;"SmallSpecial215"
630;"Special214"
626;"SmallSpecial214"
625;"Special213"
621;"SmallSpecial213"
620;"Special212"
616;"SmallSpecial212"
615;"Special211"
611;"SmallSpecial211"
610;"Special210"
606;"SmallSpecial210"
605;"Special209"
601;"SmallSpecial209"
600;"Special208"
596;"SmallSpecial208"
595;"Special207"
591;"SmallSpecial207"
590;"Special206"
586;"SmallSpecial206"
585;"Special205"
581;"SmallSpecial205"
580;"Special204"
576;"SmallSpecial204"
575;"Special203"
571;"SmallSpecial203"
570;"Special202"
566;"SmallSpecial202"
565;"Special201"
561;"SmallSpecial201"
560;"Special200"
556;"SmallSpecial200"
555;"Special199"
551;"SmallSpecial199"
550;"Special198"
546;"SmallSpecial198"
545;"Special197"
541;"SmallSpecial197"
540;"Special196"
536;"SmallSpecial196"
535;"Special195"
531;"SmallSpecial195"
530;"Special194"
526;"SmallSpecial194"
525;"Special193"
521;"SmallSpecial193"
520;"Special192"
516;"SmallSpecial192"
515;"Special191"
511;"SmallSpecial191"
510;"Special190"
506;"SmallSpecial190"
505;"Special189"
501;"SmallSpecial189"
500;"Special188"
496;"SmallSpecial188"
495;"Special187"
491;"SmallSpecial187"
490;"Special186"
486;"SmallSpecial186"
485;"Special185"
481;"SmallSpecial185"
480;"Special184"
476;"SmallSpecial184"
475;"Special177"
471;"SmallSpecial177"
470;"Special176"
466;"SmallSpecial176"
465;"Special175"
461;"SmallSpecial175"
460;"Special174"
456;"SmallSpecial174"
455;"Special173"
451;"SmallSpecial173"
450;"Special172"
446;"SmallSpecial172"
445;"Special170"
441;"SmallSpecial170"
440;"Special171"
436;"SmallSpecial171"
435;"Special169"
431;"SmallSpecial169"
430;"Special183"
426;"SmallSpecial183"
425;"Special182"
421;"SmallSpecial182"
420;"Special181"
416;"SmallSpecial181"
415;"Special180"
411;"SmallSpecial180"
410;"Special179"
406;"SmallSpecial179"
405;"Special178"
401;"SmallSpecial178"
400;"Props4444"
399;"Props4432"
398;"SpecialIcon222"
397;"SpecialIcon223"
396;"SpecialIcon224"
395;"Props4431"
394;"SpecialIcon219"
393;"SpecialIcon220"
392;"SpecialIcon221"
391;"Props4430"
390;"SpecialIcon216"
389;"SpecialIcon217"
388;"SpecialIcon218"
387;"Props4433"
386;"SpecialIcon225"
385;"SpecialIcon226"
384;"SpecialIcon227"
383;"Props4434"
382;"SpecialIcon228"
381;"SpecialIcon229"
380;"SpecialIcon230"
379;"Props4435"
378;"SpecialIcon231"
377;"SpecialIcon232"
376;"SpecialIcon233"
375;"Props4436"
374;"SpecialIcon234"
373;"SpecialIcon235"
372;"SpecialIcon236"
371;"Props4413"
370;"SmallCommand97"
369;"Assembly191"
368;"Assembly189"
367;"Assembly203"
366;"SmallSpecial263"
365;"SmallSpecial264"
364;"SmallSpecial265"
363;"Props4459"
362;"SmallSpecial269"
361;"Assembly190"
360;"Props4438"
359;"SpecialIcon240"
358;"SpecialIcon241"
357;"SpecialIcon242"
356;"Props4437"
355;"SpecialIcon237"
354;"SpecialIcon238"
353;"SpecialIcon239"
352;"Assembly192"
351;"SpecialIcon260"
350;"SpecialIcon261"
349;"SpecialIcon262"
348;"Assembly208"
347;"SpecialIcon266"
346;"SpecialIcon267"
345;"SpecialIcon268"
344;"Props4417"
343;"Assembly162"
342;"Props4446"
341;"SpecialIcon245"
340;"SpecialIcon246"
339;"SpecialIcon247"
338;"Props1589"
337;"Props4414"
336;"Props4418"
335;"Props4229"
334;"Props4230"
333;"Props4231"
332;"Props4232"
331;"Props4233"
330;"Props4234"
329;"Props4235"
328;"Props4236"
327;"Props4237"
326;"Props4238"
325;"Props4239"
324;"Props4240"
323;"Props4241"
322;"Props4242"
321;"Props4243"
320;"Props4244"
319;"Props4245"
318;"Props4246"
317;"Props4247"
316;"Props4248"
315;"Props4249"
314;"Props4250"
313;"Props4251"
312;"Props4252"
311;"Props4253"
310;"Props4254"
309;"Props4255"
308;"Props4256"
307;"Props4257"
306;"Props4258"
305;"Props4259"
304;"Props4260"
303;"Props4261"
302;"Props4262"
301;"Props4263"
300;"Props4264"
299;"Props4265"
298;"Props4266"
297;"Props4267"
296;"Props4268"
295;"Props4269"
294;"Props4270"
293;"Props4271"
292;"Props4272"
291;"Props4273"
290;"Props4274"
289;"Props4275"
288;"Props4276"
287;"Props4277"
286;"Props4278"
285;"Props4279"
284;"Props4280"
283;"Props4281"
282;"Props4282"
281;"Props4283"
280;"Props4284"
279;"Props4285"
278;"Props4286"
277;"Props4287"
276;"Props4288"
275;"Props4289"
274;"Props4290"
273;"Props4291"
272;"Props4292"
271;"Props4293"
270;"Props4294"
269;"Props4295"
268;"Props4296"
267;"Props4297"
266;"Props4298"
265;"Props4299"
264;"Props4300"
263;"Props4301"
262;"Props4302"
261;"Props4303"
260;"Assembly209"
259;"Props4415"
258;"Props4419"
257;"Star100"
256;"Star101"
255;"Props4416"
254;"Props4420"
253;"SpecialIcon190"
252;"SpecialIcon193"
251;"SpecialIcon194"
250;"SpecialIcon195"
249;"SpecialIcon196"
248;"SpecialIcon197"
247;"SpecialIcon198"
246;"SpecialIcon199"
245;"SpecialIcon191"
244;"SpecialIcon184"
243;"SpecialIcon185"
242;"SpecialIcon186"
241;"SpecialIcon180"
240;"SpecialIcon192"
239;"SpecialIcon200"
238;"SpecialIcon203"
237;"SpecialIcon204"
236;"SpecialIcon205"
235;"SpecialIcon206"
234;"SpecialIcon207"
233;"SpecialIcon208"
232;"SpecialIcon209"
231;"SpecialIcon201"
230;"SpecialIcon202"
229;"Star4"
228;"Star5"
227;"Star6"
226;"Star7"
225;"Star8"
224;"Star9"
223;"Attack"
222;"Star22"
221;"Star23"
220;"Star24"
219;"SpecialIcon248"
218;"SpecialIcon249"
217;"SpecialIcon250"
216;"Defense"
215;"SpecialIcon177"
214;"SpecialIcon176"
213;"SpecialIcon175"
212;"Props4424"
211;"Props4427"
210;"Map1"
209;"Map2"
208;"Star28"
207;"Star29"
206;"Star30"
205;"Props4448"
204;"SelfFlag"
203;"Assembly216"
202;"Command94"
201;"SmallCommand94"
200;"Command102"
199;"SmallCommand102"
198;"Assembly210"
197;"Star27"
196;"Star26"
195;"Star25"
194;"Loser"
193;"Props4450"
192;"Command92"
191;"SmallCommand92"
190;"Command98"
189;"SmallCommand98"
188;"Assembly173"
187;"Props4452"
186;"Props4456"
185;"Assembly214"
184;"Assembly172"
183;"Star2"
182;"Assembly175"
181;"Props4453"
180;"Props4457"
179;"Props1594"
178;"Assembly218"
177;"SpecialIcon257"
176;"SpecialIcon258"
175;"SpecialIcon259"
174;"SpecialIcon251"
173;"SpecialIcon252"
172;"SpecialIcon253"
171;"SpecialIcon263"
170;"SpecialIcon264"
169;"SpecialIcon265"
168;"SpecialIcon254"
167;"SpecialIcon255"
166;"SpecialIcon256"
165;"Universe6"
164;"Universe5"
163;"Assembly180"
162;"Assembly181"
161;"Assembly142"
160;"Enemy"
159;"Assembly182"
158;"Assembly183"
157;"Assembly215"
156;"SpecialIcon210"
155;"SpecialIcon211"
154;"SpecialIcon212"
153;"Props4428"
152;"SpecialIcon213"
151;"SpecialIcon215"
150;"SpecialIcon214"
149;"Props4429"
148;"Assembly207"
147;"Assembly204"
146;"Assembly205"
145;"Assembly206"
144;"Assembly170"
143;"Battlenow"
142;"Assembly4421"
141;"Assembly154"
140;"SpecialIcon179"
139;"Assembly520"
138;"Props4425"
137;"Props4426"
136;"Assembly156"
135;"Assembly158"
134;"Assembly157"
133;"Assembly155"
132;"Assembly213"
131;"Assembly219"
130;"Assembly143"
129;"Command110"
128;"SmallCommand110"
127;"Assembly193"
126;"SpecialIcon169"
125;"SpecialIcon171"
124;"SpecialIcon170"
123;"Assembly150"
122;"Assembly145"
121;"Assembly217"
120;"Assembly4412"
119;"Star10"
118;"Star11"
117;"Star12"
116;"Props4441"
115;"Star19"
114;"Star20"
113;"Star21"
112;"Homestead"
111;"Assembly186"
110;"Assembly187"
109;"png_battle"
108;"Command104"
107;"SmallCommand104"
106;"Assembly211"
105;"Assembly159"
104;"Holdup"
103;"Assembly174"
102;"SpecialIcon188"
101;"SpecialIcon189"
100;"Command100"
99;"SmallCommand100"
98;"SpecialIcon187"
97;"Assembly160"
96;"Command105"
95;"SmallCommand105"
94;"Assembly194"
93;"Assembly212"
92;"Command106"
91;"SmallCommand106"
90;"Command99"
89;"SmallCommand99"
88;"Command96"
87;"SmallCommand96"
86;"Assembly176"
85;"Assembly178"
84;"Props4440"
83;"Assembly153"
82;"Command108"
81;"SmallCommand108"
80;"Assembly4422"
79;"SpecialIcon182"
78;"SpecialIcon183"
77;"SpecialIcon181"
76;"Command103"
75;"SmallCommand103"
74;"Star13"
73;"Star14"
72;"Star15"
71;"Assembly521"
70;"Star16"
69;"Star17"
68;"Star18"
67;"SpecialIcon244"
66;"Command107"
65;"Command95"
64;"SmallCommand95"
63;"Christstar"
62;"SmallCommand107"
61;"Command93"
60;"SmallCommand93"
59;"Assembly171"
58;"Props1590"
57;"Command91"
56;"SmallCommand91"
55;"Props4454"
54;"Props4458"
53;"Assembly161"
52;"Props4439"
51;"Assembly188"
50;"SpecialIcon243"
49;"Command101"
48;"SmallCommand101"
47;"SpecialIcon178"
46;"Props4449"
45;"Assembly4411"
44;"Command97"
43;"Star3"
42;"wenhao"
41;"Props4451"
40;"Props4455"
39;"Assembly177"
38;"Props1591"
37;"Universe4"
36;"Props4447"
35;"Props4445"
34;"Props4443"
33;"Assembly195"
32;"Assembly196"
31;"Assembly198"
30;"Assembly197"
29;"Assembly202"
28;"Assembly201"
27;"Assembly199"
26;"Assembly200"
25;"Star1"
24;"Props4442"
23;"Universe3"
22;"Universe2"
21;"Props979"
20;"SpecialIcon174"
19;"SpecialIcon172"
18;"SpecialIcon173"
17;"Assembly151"
16;"Props1592"
15;"Command111"
14;"SmallCommand111"
13;"Universe1"
12;"Transition"
11;"Universe0"
10;"Reinforce"
9;"Battleing"
8;"Assembly152"
7;"Command109"
6;"SmallCommand109"
5;"Assembly184"
4;"Assembly185"
3;"Assembly179"
2;"Defend"
1;"Props1593"
