273;"ChatPop"
248;"Channelpopup"
226;"Privatechat"
220;"ChatScene"
196;"Down"
191;"Up"
187;"Next"
181;"ChannelMc"
171;"CustomchannelMc"
160;"BuildingBase"
159;"BuildingBase0"
156;"StargateMc"
151;"LotteryScene"
101;"E_chat_asset_fla.Timeline_48"
35;"AeroliteIcon"
34;"AllianceCenterIcon0"
33;"CityCenterIcon0"
32;"CommanderIcon0"
31;"ComposecenerIcon"
30;"font.png"
29;"He3FieldIcon"
28;"HighlaserIcon"
27;"HighorbitcannonIcon"
26;"LibraryIcon"
25;"LighthouseIcon"
24;"MemorialIcon"
23;"MetalFieldIcon0"
22;"RadarIcon"
21;"RepairCenterIcon"
20;"ResearchCenterIcon0"
19;"ResidentialIcon0"
18;"ServiceRepairShopIcon"
17;"SantaClausIcon"
16;"ShipreclaimIcon0"
15;"SpacestationIcon"
14;"StatueIcon"
13;"StorageCenterIcon0"
12;"SwimmingpoolIcon"
11;"TheatreIcon"
10;"TheultimateturretIcon"
9;"TradeCenterIcon0"
8;"WeaponCenterIcon0"
7;"EffigyIcon"
6;"ShoppingCenterIcon"
5;"FlowerhouseIcon"
4;"RaceIcon"
3;"SchoolIcon"
2;"HospitalIcon"
1;"CarnivalIcon"
