957;"TaskoverMc"
950;"Assembly48"
949;"Assembly44"
948;"Assembly46"
947;"Assembly50"
946;"Assembly42"
945;"Assembly59"
944;"Assembly119"
943;"Assembly123"
942;"Assembly124"
941;"BattleGold"
940;"BluePrint11"
939;"BluePrint21"
938;"Assembly84"
937;"Props1500"
936;"BluePrint20"
935;"BluePrint30"
934;"Props1509"
933;"BluePrint10"
932;"BluePrint1000"
931;"Props1510"
930;"Props1511"
929;"Props1512"
928;"Props1513"
927;"Props1514"
926;"Props1515"
925;"Props1516"
924;"Props1517"
923;"Props1518"
922;"BluePrint1"
921;"BattleCash"
920;"BluePrint12"
919;"BluePrint22"
918;"Assembly85"
917;"Props1501"
916;"Props1519"
915;"Props1520"
914;"Props1521"
913;"Props1522"
912;"Props1523"
911;"Props1524"
910;"Props1525"
909;"Props1526"
908;"Props1527"
907;"Props1528"
906;"BluePrint2"
905;"Assembly86"
904;"BattleMetal"
903;"BluePrint13"
902;"BluePrint23"
901;"Props1502"
900;"Props1529"
899;"BluePrint3"
898;"BattleHe3"
897;"BluePrint14"
896;"BluePrint24"
895;"Props1503"
894;"BluePrint4"
893;"BluePrint15"
892;"BluePrint25"
891;"Props1504"
890;"BluePrint5"
889;"BluePrint16"
888;"BluePrint26"
887;"Props1505"
886;"BluePrint6"
885;"BluePrint17"
884;"BluePrint27"
883;"Props1506"
882;"BluePrint7"
881;"BluePrint18"
880;"BluePrint28"
879;"Props1507"
878;"BluePrint8"
877;"BluePrint19"
876;"BluePrint29"
875;"Props1508"
874;"BluePrint9"
873;"Assembly111"
872;"corp_0"
871;"corp_1"
870;"corp_10"
869;"corp_11"
868;"corp_12"
867;"corp_13"
866;"corp_14"
865;"corp_15"
864;"corp_16"
863;"corp_17"
862;"corp_18"
861;"corp_19"
860;"corp_2"
859;"corp_20"
858;"corp_21"
857;"corp_22"
856;"corp_23"
855;"corp_24"
854;"corp_25"
853;"corp_26"
852;"corp_27"
851;"corp_28"
850;"corp_29"
849;"corp_3"
848;"corp_30"
847;"corp_31"
846;"corp_32"
845;"corp_33"
844;"corp_34"
843;"corp_35"
842;"corp_36"
841;"corp_37"
840;"corp_38"
839;"corp_39"
838;"corp_4"
837;"corp_40"
836;"corp_41"
835;"corp_42"
834;"corp_43"
833;"corp_44"
832;"corp_45"
831;"corp_46"
830;"corp_47"
829;"corp_48"
828;"corp_49"
827;"corp_5"
826;"corp_50"
825;"corp_51"
824;"corp_52"
823;"corp_53"
822;"corp_54"
821;"corp_55"
820;"corp_56"
819;"corp_57"
818;"corp_6"
817;"corp_7"
816;"corp_8"
815;"corp_9"
814;"Assembly70"
813;"Props6"
812;"He350"
811;"Props47"
810;"Props3005"
809;"Props64"
808;"DoubleSkill1"
807;"DoubleSkill2"
806;"DoubleSkill3"
805;"DoubleSkill4"
804;"DoubleSkill5"
803;"DoubleSkill6"
802;"DoubleSkill7"
801;"DoubleSkill8"
800;"DoubleSkill9"
799;"Command30"
798;"SmallCommand30"
797;"Command60"
796;"SmallCommand60"
795;"Command29"
794;"SmallCommand29"
793;"Command42"
792;"SmallCommand42"
791;"Command54"
790;"SmallCommand54"
789;"Command18"
788;"Command61"
787;"SmallCommand61"
786;"SmallCommand18"
785;"Command28"
784;"SmallCommand28"
783;"Command64"
782;"SmallCommand64"
781;"Command84"
780;"SmallCommand84"
779;"Command37"
778;"SmallCommand37"
777;"KingCard"
776;"Props22"
775;"Command27"
774;"SmallCommand27"
773;"Props1210"
772;"Props1541"
771;"Props1010"
770;"Props1000"
769;"Props1001"
768;"Props1002"
767;"Props1003"
766;"Props1004"
765;"Props1011"
764;"Props1005"
763;"Props1006"
762;"Props1007"
761;"Props1008"
760;"Props1009"
759;"Props1012"
758;"Props1013"
757;"Props1014"
756;"Tech13"
755;"Tech60"
754;"Tech100"
753;"Tech105"
752;"Command67"
751;"SmallCommand67"
750;"Command35"
749;"SmallCommand35"
748;"Tech44"
747;"Assembly109"
746;"Tech15"
745;"Command73"
744;"SmallCommand73"
743;"CjSpecial1"
742;"Props33"
741;"Tech45"
740;"Assembly101"
739;"Props12"
738;"Tech18"
737;"Tech39"
736;"Tech5"
735;"Tech73"
734;"Assembly3"
733;"CqSpecial1"
732;"Props34"
731;"Tech80"
730;"Command40"
729;"SmallCommand40"
728;"Props1015"
727;"Props1016"
726;"Props1017"
725;"Props1018"
724;"Props1019"
723;"Tech0"
722;"Assembly105"
721;"Tech32"
720;"Assembly37"
719;"Assembly31"
718;"Assembly74"
717;"Assembly39"
716;"Assembly35"
715;"Assembly41"
714;"Assembly33"
713;"Tech57"
712;"Props1545"
711;"Props15"
710;"Assembly83"
709;"Assembly78"
708;"Assembly80"
707;"Assembly82"
706;"Props18"
705;"Command46"
704;"SmallCommand46"
703;"Assembly103"
702;"Assembly21"
701;"Tech24"
700;"Assembly23"
699;"Assembly19"
698;"Tech78"
697;"Assembly27"
696;"Assembly25"
695;"Assembly29"
694;"Props1025"
693;"Props1020"
692;"Props1021"
691;"Props1022"
690;"Props1023"
689;"Props1024"
688;"Props1026"
687;"Props1030"
686;"Props1031"
685;"Props1032"
684;"Props1033"
683;"Props1034"
682;"Props1027"
681;"Props1028"
680;"Props1029"
679;"Assembly68"
678;"Props1035"
677;"Props1036"
676;"Props1037"
675;"Props1038"
674;"Props1039"
673;"Assembly76"
672;"Tech30"
671;"Assembly94"
670;"Assembly97"
669;"Props1040"
668;"Props1041"
667;"Props1042"
666;"Props1043"
665;"Props1044"
664;"Assembly67"
663;"Assembly65"
662;"Assembly62"
661;"Assembly63"
660;"Assembly64"
659;"Assembly66"
658;"Assembly61"
657;"Somedanger"
656;"Command77"
655;"SmallCommand77"
654;"Tech87"
653;"Assembly73"
652;"Tech91"
651;"Props26"
650;"Tech61"
649;"Command80"
648;"SmallCommand80"
647;"Assembly47"
646;"Props3"
645;"Props1530"
644;"Props1539"
643;"Props1531"
642;"Props1532"
641;"Props1533"
640;"Props1534"
639;"Props1535"
638;"Props1536"
637;"Props1537"
636;"Props1538"
635;"Tech101"
634;"Command72"
633;"SmallCommand72"
632;"Tech107"
631;"Tech106"
630;"Tech108"
629;"Props17"
628;"Props38"
627;"Props9"
626;"Assembly81"
625;"Props14"
624;"Props51"
623;"Props4"
622;"Assembly79"
621;"Props1"
620;"Props48"
619;"Props20"
618;"Tech53"
617;"Command63"
616;"SmallCommand63"
615;"Command25"
614;"SmallCommand25"
613;"Props35"
612;"Props1050"
611;"Props1045"
610;"Props1046"
609;"Props1047"
608;"Props1048"
607;"Props1049"
606;"Props1051"
605;"Props1055"
604;"Props1056"
603;"Props1057"
602;"Props1058"
601;"Props1059"
600;"Props1052"
599;"Props1053"
598;"Props1054"
597;"Command65"
596;"SmallCommand65"
595;"Tech16"
594;"Props1065"
593;"Props1060"
592;"Props1061"
591;"Props1062"
590;"Props1063"
589;"Props1064"
588;"Props1066"
587;"Props1070"
586;"Props1071"
585;"Props1072"
584;"Props1073"
583;"Props1074"
582;"Props1067"
581;"Props1068"
580;"Props1069"
579;"Tech43"
578;"Tech59"
577;"haidaojinbin"
576;"Command47"
575;"SmallCommand47"
574;"Command26"
573;"SmallCommand26"
572;"Assembly92"
571;"Props27"
570;"Assembly0"
569;"Tech48"
568;"Props76"
567;"Props67"
566;"Props82"
565;"Props71"
564;"Props69"
563;"Props81"
562;"Props72"
561;"Props74"
560;"Props80"
559;"Props68"
558;"Props70"
557;"Props85"
556;"Props78"
555;"Props65"
554;"Props86"
553;"Props77"
552;"Props79"
551;"Props75"
550;"Props66"
549;"Tech42"
548;"Tech38"
547;"Assembly99"
546;"Props1080"
545;"Props1075"
544;"Props1076"
543;"Props1077"
542;"Props1078"
541;"Props1079"
540;"Props1081"
539;"Props1085"
538;"Props1086"
537;"Props1087"
536;"Props1088"
535;"Props1089"
534;"Props1082"
533;"Props1083"
532;"Props1084"
531;"Tech71"
530;"Props1090"
529;"Props1091"
528;"Props1092"
527;"Props1093"
526;"Props1094"
525;"Assembly43"
524;"Props10"
523;"Tech75"
522;"Props1100"
521;"Props1095"
520;"Props1096"
519;"Props1097"
518;"Props1098"
517;"Props1099"
516;"Props1101"
515;"Props1105"
514;"Props1106"
513;"Props1107"
512;"Props1108"
511;"Props1109"
510;"Props1102"
509;"Props1103"
508;"Props1104"
507;"Assembly5"
506;"Command71"
505;"SmallCommand71"
504;"Props50"
503;"Assembly104"
502;"Assembly34"
501;"Assembly38"
500;"Assembly40"
499;"Assembly30"
498;"Assembly36"
497;"Assembly32"
496;"Assembly107"
495;"Assembly24"
494;"Assembly26"
493;"Assembly28"
492;"Assembly18"
491;"Assembly20"
490;"Assembly22"
489;"LvIncrease"
488;"Tech93"
487;"Assembly100"
486;"Props63"
485;"JnSpecial1"
484;"Props32"
483;"Assembly12"
482;"Assembly14"
481;"Assembly10"
480;"Assembly8"
479;"Assembly17"
478;"Assembly15"
477;"Assembly9"
476;"Assembly11"
475;"Assembly7"
474;"Assembly13"
473;"Assembly6"
472;"Assembly16"
471;"JnDiligency1"
470;"Assembly49"
469;"Tech90"
468;"Buildover"
467;"Props0"
466;"Tech70"
465;"Props1110"
464;"Props1111"
463;"Props1112"
462;"Props1113"
461;"Props1114"
460;"Assembly75"
459;"Tech40"
458;"Tech77"
457;"Command52"
456;"SmallCommand52"
455;"Command17"
454;"SmallCommand17"
453;"Props1120"
452;"Props1115"
451;"Props1116"
450;"Props1117"
449;"Props1118"
448;"Props1119"
447;"Props1121"
446;"Props1125"
445;"Props1126"
444;"Props1127"
443;"Props1128"
442;"Props1129"
441;"Props1122"
440;"Props1123"
439;"Props1124"
438;"Tech81"
437;"Tech83"
436;"Assembly60"
435;"Assembly54"
434;"Assembly56"
433;"Assembly58"
432;"Assembly57"
431;"Assembly55"
430;"Props5"
429;"Metal50"
428;"Props1130"
427;"Props1131"
426;"Props1132"
425;"Props1133"
424;"Props1134"
423;"Tech50"
422;"Tech33"
421;"Tech22"
420;"Props1140"
419;"Props1135"
418;"Props1136"
417;"Props1137"
416;"Props1138"
415;"Props1139"
414;"Props1141"
413;"Props1145"
412;"Props1146"
411;"Props1147"
410;"Props1148"
409;"Props1149"
408;"Props1142"
407;"Props1143"
406;"Props1144"
405;"Tech27"
404;"Props1600"
403;"Command51"
402;"SmallCommand51"
401;"Command24"
400;"SmallCommand24"
399;"Techover"
398;"Assembly4"
397;"Assembly115"
396;"Tech46"
395;"Tech84"
394;"Command16"
393;"SmallCommand16"
392;"Command15"
391;"SmallCommand15"
390;"Command36"
389;"SmallCommand36"
388;"Tech95"
387;"Assembly113"
386;"Command79"
385;"SmallCommand79"
384;"Assembly108"
383;"Assembly102"
382;"Command50"
381;"SmallCommand50"
380;"Tech21"
379;"Props30"
378;"Command14"
377;"SmallCommand14"
376;"Assembly95"
375;"SmallCommand55"
374;"Command55"
373;"Command13"
372;"SmallCommand13"
371;"SmallCommand48"
370;"SmallCommand45"
369;"Command45"
368;"Command41"
367;"SmallCommand41"
366;"Command53"
365;"SmallCommand53"
364;"Command33"
363;"SmallCommand33"
362;"Command12"
361;"SmallCommand12"
360;"Command31"
359;"SmallCommand31"
358;"Command11"
357;"SmallCommand11"
356;"Assembly114"
355;"SmallCommand56"
354;"Command56"
353;"Props2"
352;"Command38"
351;"Command75"
350;"Props84"
349;"SmallCommand75"
348;"Assembly52"
347;"Command10"
346;"SmallCommand10"
345;"Assembly93"
344;"Tech26"
343;"Tech79"
342;"Tech72"
341;"Command76"
340;"SmallCommand76"
339;"Tech89"
338;"Command9"
337;"Command59"
336;"SmallCommand59"
335;"SmallCommand9"
334;"Assembly53"
333;"Command57"
332;"SmallCommand57"
331;"Command23"
330;"SmallCommand23"
329;"Tech6"
328;"Props21"
327;"Props8"
326;"Command69"
325;"SmallCommand69"
324;"Tech19"
323;"Tech85"
322;"Tech74"
321;"Tech11"
320;"Props3006"
319;"Tech8"
318;"Tech36"
317;"Assembly51"
316;"Tech34"
315;"Assembly1"
314;"Tech7"
313;"Assembly69"
312;"TaskIcon"
311;"Props39"
310;"Assembly96"
309;"Props25"
308;"Command22"
307;"SmallCommand22"
306;"Command8"
305;"SmallCommand8"
304;"Tech28"
303;"Command34"
302;"SmallCommand34"
301;"Assembly87"
300;"Tech10"
299;"Command21"
298;"SmallCommand21"
297;"Command7"
296;"Command58"
295;"SmallCommand58"
294;"SmallCommand7"
293;"Tech58"
292;"Tech14"
291;"Tech94"
290;"Command81"
289;"SmallCommand81"
288;"Riseover"
287;"Props1542"
286;"Tech9"
285;"Assembly91"
284;"Command39"
283;"SmallCommand39"
282;"Command78"
281;"SmallCommand78"
280;"Assembly90"
279;"Command83"
278;"SmallCommand83"
277;"Assembly89"
276;"Props1155"
275;"Props1150"
274;"Props1151"
273;"Props1152"
272;"Props1153"
271;"Props1154"
270;"Props1156"
269;"Props1160"
268;"Props1161"
267;"Props1162"
266;"Props1163"
265;"Props1164"
264;"Props1157"
263;"Props1158"
262;"Props1159"
261;"Props31"
260;"Props7"
259;"Assembly118"
258;"Assembly117"
257;"Command74"
256;"Props83"
255;"SmallCommand74"
254;"Command62"
253;"SmallCommand62"
252;"Command20"
251;"SmallCommand20"
250;"Props1170"
249;"Props1165"
248;"Props1166"
247;"Props1167"
246;"Props1168"
245;"Props1169"
244;"Props1171"
243;"Props1175"
242;"Props1176"
241;"Props1177"
240;"Props1178"
239;"Props1179"
238;"Props1172"
237;"Props1173"
236;"Props1174"
235;"Props1543"
234;"Tech62"
233;"Props40"
232;"Kursaal50"
231;"Command43"
230;"SmallCommand43"
229;"Command6"
228;"SmallCommand6"
227;"Props41"
226;"Props42"
225;"Props43"
224;"Props44"
223;"Props45"
222;"Props46"
221;"Props52"
220;"Props53"
219;"Props54"
218;"Props55"
217;"Props56"
216;"Props57"
215;"Props58"
214;"Command0"
213;"SmallCommand0"
212;"Command48"
211;"Assembly45"
210;"PiratesChallenge"
209;"Props37"
208;"Tech12"
207;"Tech20"
206;"Props3000"
205;"Props3001"
204;"Props3002"
203;"Props3003"
202;"Props3004"
201;"Researchover"
200;"Tech31"
199;"Tech96"
198;"Tech54"
197;"Tech47"
196;"PlayerVictory"
195;"PlayerFailure"
194;"Props1540"
193;"Danger"
192;"Command5"
191;"SmallCommand5"
190;"Command19"
189;"SmallCommand19"
188;"Tech110"
187;"Tech111"
186;"Props1211"
185;"Tech3"
184;"Tech88"
183;"Assembly106"
182;"Command68"
181;"SmallCommand68"
180;"Tech92"
179;"Command4"
178;"SmallCommand4"
177;"Props24"
176;"Tech4"
175;"SmallCommand38"
174;"Command32"
173;"SmallCommand32"
172;"NoviceSpree"
171;"Newinfo"
170;"Props36"
169;"Props73"
168;"Props59"
167;"Props60"
166;"Props61"
165;"Props62"
164;"Props23"
163;"Props49"
162;"Assembly110"
161;"Assembly88"
160;"Tech41"
159;"Props1180"
158;"Props1181"
157;"Props1182"
156;"Props1183"
155;"Props1184"
154;"Tech37"
153;"Command3"
152;"SmallCommand3"
151;"Command44"
150;"SmallCommand44"
149;"Props29"
148;"Assembly98"
147;"Assembly72"
146;"Command2"
145;"SmallCommand2"
144;"Command70"
143;"SmallCommand70"
142;"Assembly116"
141;"Tech109"
140;"Tech102"
139;"Tech104"
138;"Tech51"
137;"Tech55"
136;"Command49"
135;"SmallCommand49"
134;"Tech56"
133;"Tech103"
132;"Tech76"
131;"JnBattle1"
130;"Props1544"
129;"Props1185"
128;"Props1186"
127;"Props1187"
126;"Props1188"
125;"Props1189"
124;"Command82"
123;"SmallCommand82"
122;"Command1"
121;"SmallCommand1"
120;"Tech49"
119;"JnSpecial2"
118;"JnSpecial3"
117;"JnSpecial4"
116;"JnSpecial5"
115;"JnSpecial6"
114;"JnSpecial7"
113;"JnSpecial8"
112;"JnSpecial9"
111;"CjSpecial2"
110;"CjSpecial3"
109;"CjSpecial4"
108;"CjSpecial5"
107;"CjSpecial6"
106;"CjSpecial7"
105;"CjSpecial8"
104;"CjSpecial9"
103;"CqSpecial2"
102;"CqSpecial3"
101;"CqSpecial4"
100;"CqSpecial5"
99;"CqSpecial6"
98;"CqSpecial7"
97;"CqSpecial8"
96;"CqSpecial9"
95;"JnDiligency2"
94;"JnDiligency3"
93;"JnDiligency4"
92;"JnDiligency5"
91;"JnDiligency6"
90;"JnDiligency7"
89;"JnDiligency8"
88;"JnDiligency9"
87;"CjDiligency1"
86;"CjDiligency2"
85;"CjDiligency3"
84;"CjDiligency4"
83;"CjDiligency5"
82;"CjDiligency6"
81;"CjDiligency7"
80;"CjDiligency8"
79;"CjDiligency9"
78;"CqDiligency1"
77;"CqDiligency2"
76;"CqDiligency3"
75;"CqDiligency4"
74;"CqDiligency5"
73;"CqDiligency6"
72;"CqDiligency7"
71;"CqDiligency8"
70;"CqDiligency9"
69;"JnBattle2"
68;"JnBattle3"
67;"JnBattle4"
66;"JnBattle5"
65;"JnBattle6"
64;"JnBattle7"
63;"JnBattle8"
62;"JnBattle9"
61;"CjBattle1"
60;"CjBattle2"
59;"CjBattle3"
58;"CjBattle4"
57;"CjBattle5"
56;"CjBattle6"
55;"CjBattle7"
54;"CjBattle8"
53;"CjBattle9"
52;"CqBattle1"
51;"CqBattle2"
50;"CqBattle3"
49;"CqBattle4"
48;"CqBattle5"
47;"CqBattle6"
46;"CqBattle7"
45;"CqBattle8"
44;"CqBattle9"
43;"Props1190"
42;"Props1191"
41;"Props1192"
40;"Props1193"
39;"Props1194"
38;"Command66"
37;"SmallCommand66"
36;"Tech25"
35;"Props16"
34;"Props13"
33;"Props19"
32;"Assembly77"
31;"Assembly112"
30;"Tech23"
29;"Tech17"
28;"Tech1"
27;"Props1200"
26;"Props1195"
25;"Props1196"
24;"Props1197"
23;"Props1198"
22;"Props1199"
21;"Props1201"
20;"Props1205"
19;"Props1206"
18;"Props1207"
17;"Props1208"
16;"Props1209"
15;"Props1202"
14;"Props1203"
13;"Props1204"
12;"Tech29"
11;"Tech2"
10;"Tech82"
9;"Assembly2"
8;"Tech63"
7;"Assembly122"
6;"Tech52"
5;"Tech86"
4;"Props28"
3;"Tech35"
2;"Assembly71"
1;"Props11"
